COURSE NO.,COURSE TITLE,SECTION,INSTRUCTOR,ROOM,DAYS,HOURS
AN F311,PRINCIPLES OF AERODYNAMICS,1,PARDHA SARADHI GURUG,G205,M W F,8
AN F313,FLIGHT MECHANICS AND CONTROLS,1,JAYAPRAKASH K S,G203,M W F,2
BIO F110,BIOLOGY LABORATORY,1,Supratim Ghosh,A122,M,7 8
BIO F110,BIOLOGY LABORATORY,2,Pragya Komal,A122,T,3 4
BIO F110,BIOLOGY LABORATORY,3,SHUVADEEP MAITY,A122,W,7 8
BIO F110,BIOLOGY LABORATORY,4,Shuvadeep Maity,A122,F,7 8
BIO F110,BIOLOGY LABORATORY,5,Satarupa Das,A122,Th,5 6
BIO F110,BIOLOGY LABORATORY,6,Naga Mohan K,A122,F,2 3
BIO F110,BIOLOGY LABORATORY,7,Ruchi Jain Dey,A122,W,2 3
BIO F110,BIOLOGY LABORATORY,8,Nishith Gupta,A122,S,3 4
BIO F110,BIOLOGY LABORATORY,9,Amartya Sanyal,A122,M,2 3
BIO F110,BIOLOGY LABORATORY,10,Debashree B,A122,Th,3 4
BIO F110,BIOLOGY LABORATORY,11,Debashree B,A122,T,5 6
BIO F111,GENERAL BIOLOGY,1,Jayati Ray Dutta,F105,M W F,5
BIO F111,GENERAL BIOLOGY,2,Vidya Rajesh,F102,M W F,1
BIO F111,Tutorial,1,Jayati Ray Dutta,G101,T,7
BIO F111,Tutorial,2,K  Pranav Narayan,G103,T,7
BIO F111,Tutorial,3,Sridev Mohapatra,G102,T,7
BIO F111,Tutorial,4,KIRTIMAAN SYAL,G104,T,7
BIO F111,Tutorial,5,Vivek Sharma,G105,T,7
BIO F111,Tutorial,6,Piyush Khandelia,G106,T,7
BIO F111,Tutorial,7,Gireesha T Mohannath,G107,T,7
BIO F111,Tutorial,8,Vidya Rajesh,G108,T,7
BIO F111,Tutorial,9,Trinath Jamma,G205,T,7
BIO F211,BIOLOGICAL CHEMISTRY,1,DEBASHREE B,G102,M W F,3
BIO F211,Tutorial,1,Ali Akbar Shoukat Safdari,G102,T,1
BIO F212,MICROBIOLOGY,1,RUCHI JAIN DEY,G102,M W F,8
BIO F212,Practical,1,Ruchi Jain Dey,A123,T,7 8 9
BIO F212,Practical,2,Ruchi Jain Dey,A123,Th,7 8 9
BIO F213,CELL BIOLOGY,1,NAGA MOHAN K,G102,M W,2
BIO F213,CELL BIOLOGY,1,Naga Mohan K,G102,F,7
BIO F213,Tutorial,1,Minali Singh,G102,Th,1
BIO F214,INTEGRATED BIOLOGY,1,JAYATI RAY DUTTA,G102,T Th S,4
BIO F214,Tutorial,1,Mude Hemanjali,G102,S,1
BIO F216,WATER SANITATION AND SOLID WASTE MANAGEMENT,1,P SANKAR GANESH,G103,Th,10
BIO F311,RECOMBINANT DNA TECH,1,VIDYA RAJESH,G102,M W F,9
BIO F311,Tutorial,1,Devika.P,F203,Th,8
BIO F312,PLANT PHYSIOLOGY,1,SRIDEV MOHAPATRA,G102,T Th S,2
BIO F312,Tutorial,1,Raunak Sharma,F203,T,8
BIO F313,ANIMAL PHYSIOLOGY,1,PRAGYA KOMAL,G102,M W F,4
BIO F313,Tutorial,1,Sharon Mariam Abraham,F203,Th,9
BIO F352,CELL & TISSUE CULTR TECH,1,K  PRANAV NARAYAN,G104,M W F,3
BIO F441,BIOCHEMICAL ENGINEERING,1,SUPRATIM GHOSH,G104,M W F,2
BIO G510,APPL OF COMP AND STATS IN BIOLOGY,1,AMARTYA SANYAL,G105,T Th S,4
BIO G510,Practical,1,Amartya Sanyal,LAB,T Th,6 7
BIO G512,MOLEC MECH OF GENE EXPRE,1,GIREESHA T MOHANNATH,I210,T Th S,4
BIO G512,Practical,1,Gireesha T Mohannath,A124,M W,8 9
BIO G514,MOLECULAR IMMUNOLOGY,1,TRINATH JAMMA,G105,M W F,2
BIO G514,Practical,1,Trinath Jamma,A123,S,2 3
BIO G514,Practical,1,Trinath Jamma,A123,F,8 9
BIO G524,ANIMAL CELL TECHNOLOGY,1,PIYUSH KHANDELIA,G102,M W F,5
BIO G524,Practical,1,Jayasree P J,A121,M W,2 3
BIO G525,ENVIR BIOTECH & WASTE MGMT,1,P SANKAR GANESH,G102,T Th S,3
BIO G525,Practical,1,P Sankar Ganesh,A002,T Th,8 9
BIO G526,CANCER BIOLOGY,1,VIVEK SHARMA,G105,M W F,5
BIO G526,Practical,1,Vivek Sharma,A121,T Th,2 3
BIO G561,ADV RECOMBINANT DNA TECH,1,NISHITH GUPTA,G105,M W F,4
BIO G561,Practical,1,Nishith Gupta,A124,T Th,6 7
BIO G651,PROTEIN & ENZYME BIOENGG,1,KIRTIMAAN SYAL,G104,M W F,4
BIO G651,Practical,1,Kirtimaan Syal,A124,T Th,8 9
BITS E661,RESEARCH METHODOLOGY I,1,SUBHADEEP ROY,G204,T Th S,3
BITS F110,ENGINEERING GRAPHICS,1,A Vasan,F102,S,1
BITS F110,ENGINEERING GRAPHICS,2,ABHISHEK SARKAR,F103,S,1
BITS F110,Practical,1,Md Zabiulla,D208 A,M,2 3
BITS F110,Practical,2,Gowlla Jyothsna,D208 A,S,3 4
BITS F110,Practical,3,Ansab shafi mir,D208 A,F,2 3
BITS F110,Practical,4,Meenu Krishnan,D208 A,Th,3 4
BITS F110,Practical,5,Ammavajjula Sesha Sai Rag,D208 A,T,3 4
BITS F110,Practical,6,Anna Mariya Shajan,D208 A,W,2 3
BITS F110,Practical,7,TO BE ANNOUNCED,D208 A,M,7 8
BITS F110,Practical,8,Md Ikramullah Khan,D208 A,W,7 8
BITS F110,Practical,9,Akshay Gundla,D208 A,F,7 8
BITS F110,Practical,10,Chirdeep N R,D208 A,T,5 6
BITS F110,Tutorial,1,A Vasan,G101,Th,9
BITS F110,Tutorial,2,Ambili P,G102,Th,9
BITS F110,Tutorial,3,Radha Kiranmaye Bandlamu,G103,Th,9
BITS F110,Tutorial,4,Navaneetha E,G104,Th,9
BITS F110,Tutorial,5,Sheik Mohammed Zoheb Na,G105,Th,9
BITS F110,Tutorial,6,Abhishek Sarkar,G107,Th,9
BITS F110,Tutorial,7,YV Daseswara Rao,G108,Th,9
BITS F110,Tutorial,8,Balija Upendra,G201,Th,9
BITS F110,Tutorial,9,Abhishesh Pal,G202,Th,9
BITS F110,Tutorial,10,Renuka Pradeep Rekhade,G203,Th,9
BITS F111,THERMODYNAMICS,1,Jaideep Chatterjee,F102,T Th S,2
BITS F111,THERMODYNAMICS,2,JEEVAN JAIDI,F104,M W F,1
BITS F111,Tutorial,1,Ramesh Babu A,F201,T Th,8
BITS F111,Tutorial,2,D Purnima,G203,T Th,8
BITS F111,Tutorial,3,Karthik Chetan,G204,T Th,8
BITS F111,Tutorial,4,Nandini Bhandaru,G207,T Th,8
BITS F111,Tutorial,5,Afkham Mir,F109,T Th,8
BITS F111,Tutorial,6,Jeevan Jaidi,F107,T Th,8
BITS F111,Tutorial,7,Santanu Prasad Datta,F108,T Th,8
BITS F111,Tutorial,8,M Srinivas,F205,T Th,8
BITS F111,Tutorial,9,Sayan Das,F207,T Th,8
BITS F111,Tutorial,10,Jayaprakash K S,F208,T Th,8
BITS F112,TECHNICAL REPORT WRITING,1,SHILPAA ANAND,F103,T Th,1
BITS F112,TECHNICAL REPORT WRITING,2,Spandan Bhattacharya,F104,T Th,1
BITS F112,TECHNICAL REPORT WRITING,3,Tony Sebastian,F105,T Th,1
BITS F113,GENERAL MATHEMATICS I,1,ROHIT GUPTA,J107,M W F,1
BITS F113,Tutorial,1,Pankaj Patel,F201,T,9
BITS F214,SCIENCE TECH & MODERNITY,1,BISWANATH DASH,J107,M W F,9
BITS F218,GENERAL MATHEMATICS III,1,JHUMA SEN GUPTA,I210,M W F,10
BITS F218,Tutorial,1,Nakidi Shravani,F201,Th,9
BITS F225,ENVIRONMENTAL STUDIES,1,A VASAN,F102,M W F,4
BITS F232,FOUNDATIONS OF DATA STRUCTURES AND ALGORITHMS,1,CHITTARANJAN HOTA,F105,T Th S,4
BITS F232,Practical,1,Chittaranjan Hota,I015,T,7 8
BITS F232,Practical,2,Chittaranjan Hota,I015,Th,7 8
BITS F232,Practical,3,Barsha Mitra,I015,W,4 5
BITS F232,Practical,4,Barsha Mitra,I015,F,4 5
BITS F232,Practical,5,Aneesh Sreevallabh Chivuku,I015,M,4 5
BITS F234,INTRODUCTION TO ENGINEERING DESIGN,1,ARNAB GUHA,F101,M,4
BITS F234,Practical,1,Lingampally Swetha,D208 B,W,3 4
BITS F311,IMAGE PROCESSING,1,ABHIJIT DAS,F107,T Th S,2
BITS F312,NEURAL NETWORKS AND FUZZY LOGIC,1,K SRINIVASA RAJU,F108,T Th S,2
BITS F314,GAME THEORY AND ITS APPLICATIONS,1,VIVEKANANDA MUKHERJE,F208,M W F,3
BITS F316,NONLINEAR DYNA & CHAOS,1,PK THIRUVIKRAMAN,G201,T Th S,4
BITS F364,HUMAN COMPUTER INTERACTION,1,DIPANJAN CHAKRABORTY,I111,M W F,3
BITS F386,QUANTUM INFO & COMPUTING,1,TSL RADHIKA,I213,T Th S,2
BITS F415,INTRODUCTION TO MEMS,1,SANKET GOEL,J220,M W F,2
BITS F415,Practical,1,Satish K Dubey,J204,Th,7 8
BITS F415,Practical,2,Pavar Sai Kumar,J204,W,6 7
BITS F418,INTRO TO BIOMEDICAL ENGG,1,KAVI DEVRAJ,G104,M W F,8
BITS F418,Practical,1,Chhavi Dhiman,LAB,T,7 8
BITS F431,FLEXIBLE MANUFACTURING SYSTEMS,1,ABHISHEK SARKAR,F101,M W F,5
BITS F431,Practical,1,P  Chennakesava Sai,LAB,T,8 9
BITS F437,TECHNICAL COMMUNICATION,1,ARUNA LOLLA,J107,T Th S,1
BITS F452,BLOCKCHAIN TECHNOLOGY,1,G GEETHAKUMARI,F106,M W F,8
BITS F464,MACHINE LEARNING,1,MANIK GUPTA,F106,M W F,2
BITS F467,BIOETHICS AND BIOSAFETY,1,RUCHI JAIN DEY,G104,T Th S,4
BITS G524,HEALTH ECONOMICS AND POLICY,1,MINI THOMAS,J119,T Th S,4
BITS G526,DATA SCIENCES I,1,K VENKATA RATNAM,J119,T Th S,5
BITS G553,REAL TIME SYSTEMS,1,SOUMYA J,I114,M W F,4
BITS G553,Practical,1,Soumya J,J105,F,7 8
CE F211,MECHANICS OF SOLIDS,1,RAGHU PISKA,F109,M W F,2
CE F211,Tutorial,1,Raghu Piska,F109,T,1
CE F213,SURVEYING,1,K RAJITHA,F109,T Th S,4
CE F213,Practical,1,Krishnendu Sivadas,D110,Th,6 7
CE F213,Practical,2,Nagalapalli Satish,D110,M,6 7
CE F213,Tutorial,2,K Rajitha,F109,S,1
CE F230,CIVIL ENGINEERING MATERIALS,1,PN RAO,F109,M W F,8
CE F230,Practical,1,Sk Abdul Kaium,D127,W,6 7
CE F230,Practical,2,Pujitha Ganapathi C,D127,F,6 7
CE F230,Tutorial,2,PN Rao,F109,Th,1
CE F231,FLUID MECHANICS,1,K SRINIVASA RAJU,F109,M W F,3
CE F231,Tutorial,1,K Srinivasa Raju,F109,T,9
CE F312,HYDRAULIC ENGINEERING,1,ANMALA JAGADEESH,F109,T Th S,5
CE F312,Practical,1,Deepjyoti Deb,E122,T,8 9
CE F312,Tutorial,1,Anmala Jagadeesh,F109,W,1
CE F313,FOUNDATION ENGINEERING,1,AMMAVAJJULA SESHA SAI,F109,M W F,5
CE F313,Tutorial,1,Ammavajjula Sesha Sai Rag,F109,F,1
CE F320,DESIGN OF REINFORCED CONCRETE,1,ARKAMITRA KAR,F109,T Th S,3
CE F320,Tutorial,1,Arkamitra Kar,F109,M,1
CE F323,INTRO TO ENVIRN ENGG,1,MURARI R R VARMA,F201,M W F,3
CE F417,APP OF AI IN CIVIL ENGG,1,ANMALA JAGADEESH,F201,M W F,8
CE F428,EARTHQUAKE RES DES & CON,1,MOHAN S C,F201,M W F,2
CE F431,PRIN OF GEO INFO SYST,1,K RAJITHA,F201,M W F,9
CE F431,Practical,1,K Rajitha,LAB,Th,8 9
CE G534,PAVEMENT MATERIAL CHARAC,1,V VINAYAKA RAM,F202,M W F,4
CE G534,Practical,1,V Vinayaka Ram,LAB,T,8 9
CE G537,TRANSPORT ECON & FINANCE,1,ISHANT SHARMA,F202,T Th S,3
CE G537,Practical,1,Ishant Sharma,LAB,W,8 9
CE G538,PROJECT PLAN & MGMT,1,BAHURUDEEN A,F203,M W F,4
CE G538,Practical,1,Bahurudeen A,D331A,F,8 9
CE G545,AIRPORT PLANNING & DES,1,SRIDHAR RAJU,F203,M W F,3
CE G545,Practical,1,Sridhar Raju,D224,Th,8 9
CE G551,DYNAMICS OF STRUCTURES,1,MOHAN S C,F201,T Th S,3
CE G551,Practical,1,Mohan S C,D123,W,8 9
CE G552,ADV STR MECH & STABILITY,1,CHANDU PARIMI,F201,M W F,4
CE G552,Practical,1,Chandu Parimi,D208 A,T,8 9
CE G562,ADVANCED CONCRETE TECHNOLOGY,1,ARKAMITRA KAR,F109,M W F,4
CE G562,Practical,1,Arkamitra Kar,D208 A,Th,6 7
CE G565,TRANSPORTATION PLANNING,1,PRASANTA KUMAR SAHU,F202,M W F,5
CE G565,Practical,1,Prasanta Kumar Sahu,D224,W,8 9
CE G567,HIGHWAY DESIGN,1,AKSHAY GUNDLA,F201,T Th S,2
CE G567,Practical,1,Akshay Gundla,D224,Th,6 7
CE G568,TRAFFIC SYSTEMS ANALYSIS,1,ISHANT SHARMA,F202,M W F,3
CE G568,Practical,1,Ishant Sharma,D224,F,8 9
CE G571,ROAD ASSET MANAGEMENT,1,V VINAYAKA RAM,F202,T Th S,4
CE G571,Practical,1,V Vinayaka Ram,LAB,M,8 9
CE G572,TRANSPORTATION DATA ANALYTICS,1,PRASANTA KUMAR SAHU,F202,T Th S,5
CE G572,Practical,1,Prasanta Kumar Sahu,D224,T,8 9
CE G612,ADVANCED STEEL STRUCTURE,1,CHANDU PARIMI,F203,T Th S,5
CE G612,Practical,1,Chandu Parimi,D331,F,8 9
CE G614,PRESTRESS CONCRETE STRUC,1,BAHURUDEEN A,F203,T Th S,4
CE G614,Practical,1,Bahurudeen A,D208 C,M,6 7
CE G617,ADVANCE STRUC ANALYSIS,1,PN RAO,F201,M W F,5
CE G617,Practical,1,PN Rao,D331,Th,8 9
CE G619,FINITE ELEMENT ANALYSIS,1,RAGHU PISKA,F201,T Th S,5
CE G619,Practical,1,Raghu Piska,D208 C,M F,8 9
CE G620,ADVANCE FOUNDATION ENGG,1,ANASUA GUHARAY,F203,T Th S,3
CE G620,Practical,1,Anasua Guharay,D208 C,W,8 9
CHE F211,CHEMICAL PROCESS CALCULA,1,IYMAN ABRAR,F205,M W F,8
CHE F211,Tutorial,1,Iyman Abrar,F205,T,1
CHE F212,FLUID MECHANICS,1,NANDINI BHANDARU,G207,M W F,3
CHE F212,Tutorial,1,Nandini Bhandaru,G207,S,1
CHE F213,CHEM ENGG THERMODYNAMICS,1,RAMENDRA KISHOR PAL,F205,M W F,2
CHE F213,Tutorial,1,Ramendra Kishor Pal,F204,T,9
CHE F214,ENGINEERING CHEMISTRY,1,KARTHIK CHETAN,F205,T Th S,4
CHE F214,Tutorial,1,Karthik Chetan,F201,Th,1
CHE F311,KINETICS & REACTOR DESIGN,1,BALAJI KRISHNAMURTHY,F205,M W F,4
CHE F311,Tutorial,1,Balaji Krishnamurthy,F205,M,1
CHE F312,CHEMICAL ENGG LAB I,1,SRIKANTA DINDA,WS,T Th,3 4 5
CHE F312,CHEMICAL ENGG LAB I,2,Afkham Mir,WS,T Th,3 4 5
CHE F313,SEPARATION PROCESSES II,1,JAIDEEP CHATTERJEE,F205,M W F,5
CHE F313,Tutorial,1,Jaideep Chatterjee,F204,S,5
CHE F314,PROCESS DES PRINCIPLES I,1,ARNAB DUTTA,F205,T Th,9
CHE F314,PROCESS DES PRINCIPLES I,1,Arnab Dutta,F205,W,1
CHE F314,Tutorial,1,Arnab Dutta,D208 A,S,1
CHE F418,MODEL & SIMU IN CHE ENGG,1,VIKRANT KUMAR S,D208 B,M W F,2
CHE F421,BIOCHEMICAL ENGINEERING,1,DEBIRUPA MITRA,F204,M W F,8
CHE G523,MATHEMATICAL METHODS IN CHEMICAL ENGINEERING,1,BALAJI KRISHNAMURTHY,F204,M W F,7
CHE G523,Practical,1,Balaji Krishnamurthy,D208 B,T Th,8 9
CHE G528,INTRO TO NANO SCI & TECH,1,SATYAPAUL SINGH AMART,F204,T Th S,2
CHE G528,Practical,1,Satyapaul Singh Amarthaluri,LAB,F,9 10
CHE G558,CHEMICAL PROCESS OPTIMIZATION,1,ARNAB DUTTA,F204,M W F,3
CHE G622,ADV CHEMICAL ENGG THERMO,1,D PURNIMA,F204,T Th S,3
CHE G622,Practical,1,Dubbaka Vidya,D331,M,8 9 10
CHEM F110,CHEMISTRY LABORATORY,1,MANAB CHAKRAVARTY,B124,M,7 8
CHEM F110,CHEMISTRY LABORATORY,2,Chanchal Chakraborty,B124,W,7 8
CHEM F110,CHEMISTRY LABORATORY,3,Balaji Gopalan,B124,T,5 6
CHEM F110,CHEMISTRY LABORATORY,4,Amit Nag,B124,Th,3 4
CHEM F110,CHEMISTRY LABORATORY,5,Sourav Bag,B124,S,3 4
CHEM F110,CHEMISTRY LABORATORY,6,Himanshu Aggarwal,B124,Th,5 6
CHEM F110,CHEMISTRY LABORATORY,7,Satya Narayan Guin,B124,M,2 3
CHEM F110,CHEMISTRY LABORATORY,8,J Subbalakshmi,B124,F,7 8
CHEM F110,CHEMISTRY LABORATORY,9,KVG Chandrasekhar,B124,W,2 3
CHEM F110,CHEMISTRY LABORATORY,10,R Krishnan,B124,F,2 3
CHEM F110,CHEMISTRY LABORATORY,11,Tanmay Chatterjee,B124,T,3 4
CHEM F111,GENERAL CHEMISTRY,1,RAMAKRISHNAN G,F103,T Th S,2
CHEM F111,GENERAL CHEMISTRY,2,Tanmay Chatterjee,F102,M W F,5
CHEM F111,Tutorial,1,Nilanjan Dey,G101,T Th,8
CHEM F111,Tutorial,2,Arijit Mukherjee,G102,T Th,10
CHEM F111,Tutorial,3,Satya Narayan Guin,G103,T Th,8
CHEM F111,Tutorial,4,Sourav Bag,G104,T Th,8
CHEM F111,Tutorial,5,K Sumithra,G105,T Th,8
CHEM F111,Tutorial,6,Anupam Bhattacharya,F106,T Th,8
CHEM F111,Tutorial,7,Ramakrishnan G,G107,T Th,8
CHEM F111,Tutorial,8,Durba Roy,G108,T Th,8
CHEM F111,Tutorial,9,Tanmay Chatterjee,G201,T Th,8
CHEM F111,Tutorial,10,J Subbalakshmi,G202,T Th,8
CHEM F211,PHYSICAL CHEMISTRY I,1,BALAJI GOPALAN,G101,M W F,8
CHEM F211,Tutorial,1,Balaji Gopalan,G101,T,9
CHEM F212,ORGANIC CHEMISTRY I,1,ANUPAM BHATTACHARYA,G101,M W F,2
CHEM F212,Tutorial,1,Anupam Bhattacharya,G101,Th,1
CHEM F213,PHYSICAL CHEMISTRY II,1,K SUMITHRA,G101,M W F,3
CHEM F213,Tutorial,1,K Sumithra,G101,S,1
CHEM F214,INORGANIC CHEMISTRY I,1,N RAJESH,G101,T Th S,3
CHEM F214,Tutorial,1,N Rajesh,G101,M,5
CHEM F311,ORGANIC CHEMISTRY III,1,KVG CHANDRASEKHAR,G101,T Th S,2
CHEM F311,Tutorial,1,KVG Chandrasekhar,F204,Th,8
CHEM F312,PHYSICAL CHEMISTRY IV,1,AMIT NAG,G101,M W F,4
CHEM F312,Tutorial,1,Amit Nag,F204,Th,9
CHEM F313,INSTRU METHODS OF ANAL,1,R KRISHNAN,G101,M W F,9
CHEM F313,Practical,1,N Rajesh,LAB,T,6 7 8
CHEM F325,POLYMER CHEMISTRY,1,SUBIT KUMAR SAHA,G103,M W F,2
CHEM F326,SOLID STATE CHEMISTRY,1,SOUNAK ROY,G103,M W F,3
CHEM F416,APPLIED CRYSTALLOGRAPHY,1,ARIJIT MUKHERJEE,G103,T Th S,2
CHEM G553,ADVANCED PHYSICAL CHEMISTRY,1,DURBA ROY,G103,T Th S,5
CHEM G554,PHY METHODS IN CHEMISTRY,1,CHANCHAL CHAKRABORT,G103,T Th S,3
CS F111,COMPUTER PROGRAMMING,1,NARASIMHA BOLLOJU,F105,M W F,9
CS F111,COMPUTER PROGRAMMING,2,Aneesh Sreevallabh Chivuku,F104,M W F,9
CS F111,Practical,1,Pragati Shrivastava,D311,T,3 4
CS F111,Practical,2,Aneesh Sreevallabh Chivuku,D311,S,4 5
CS F111,Practical,3,Jay Kamlesh Dave,D311,M,2 3
CS F111,Practical,4,Jay Kamlesh Dave,D311,W,2 3
CS F111,Practical,5,Apurba Das,D311,M,7 8
CS F111,Practical,6,Apurba Das,D311,W,7 8
CS F111,Practical,7,Prajna Devi Upadhyay,D311,F,2 3
CS F111,Practical,8,Prajna Devi Upadhyay,D311,T,5 6
CS F111,Practical,9,Pragati Shrivastava,D311,Th,3 4
CS F111,Practical,10,Aruna Malapati,D311,F,7 8
CS F213,OBJECT ORIENTED PROG,1,ARITRA MUKHERJEE,F102,T Th S,4
CS F213,Practical,1,Manik Gupta,D313,W,6 7
CS F213,Practical,2,Abhijit Das,D313,M,6 7
CS F213,Practical,3,Manik Gupta,D313,F,6 7
CS F213,Practical,4,Deepa Kumari,D313,T,2 3
CS F213,Practical,5,Pattiwar Shravan Kumar,D313,Th,2 3
CS F213,Tutorial,1,Subhrakanta Panda,I112,T,1
CS F213,Tutorial,2,Subhrakanta Panda,I112,Th,1
CS F213,Tutorial,3,Aritra Mukherjee,I111,T,1
CS F213,Tutorial,4,Abhijit Das,I111,W,1
CS F214,LOGIC IN COMPUTER SC,1,SAMEERA MUHAMED SAL,F102,M W F,8
CS F214,Tutorial,1,Ramaswamy Venkatakrishna,I114,T,1
CS F214,Tutorial,2,Ramaswamy Venkatakrishna,I114,Th,1
CS F214,Tutorial,3,Tathagata Ray,I113,T,1
CS F214,Tutorial,4,Tathagata Ray,I113,Th,1
CS F215,DIGITAL DESIGN,1,JOYJIT MUKHERJEE,F102,M W F,3
CS F215,DIGITAL DESIGN,2,BVVSN Prabhakar Rao,F105,M W F,3
CS F215,Practical,1,BVVSN Prabhakar Rao,I012,T,2 3
CS F215,Practical,2,S K Chatterjee,I012,S,2 3
CS F215,Practical,3,S K Chatterjee,I012,Th,2 3
CS F215,Practical,4,Joyjit Mukherjee,I013,Th,2 3
CS F215,Practical,5,Joyjit Mukherjee,I012,T,6 7
CS F215,Practical,6,Ankur Bhattacharjee,I013,T,2 3
CS F215,Practical,7,Gowtham Polumati,I012,M,6 7
CS F215,Practical,8,Naresh Bahadursha,I013,S,2 3
CS F215,Practical,9,Shuvra Jyoti Bose,I013,M,6 7
CS F215,Practical,10,Vanmathi S,I012,W,6 7
CS F215,Practical,11,Bishal kumar keshari,I013,W,6 7
CS F215,Practical,12,Parvathy nair,I012,F,6 7
CS F215,Practical,13,Naresh Bahadursha,I013,F,6 7
CS F215,Practical,14,Vanmathi S,I012,Th,6 7
CS F215,Practical,15,Gowtham Polumati,I013,Th,6 7
CS F215,Practical,16,Manish Laxminarayan Bhaiy,I013,T,6 7
CS F215,Tutorial,1,Joyjit Mukherjee,I113,T,9
CS F215,Tutorial,2,Joyjit Mukherjee,I113,S,1
CS F215,Tutorial,3,BVVSN Prabhakar Rao,I114,S,1
CS F215,Tutorial,4,BVVSN Prabhakar Rao,I114,T,9
CS F215,Tutorial,5,Soumya J,I122,S,1
CS F215,Tutorial,6,Soumya J,I122,T,9
CS F215,Tutorial,7,Sourav Nandi,I210,S,1
CS F215,Tutorial,8,Sourav Nandi,I210,T,9
CS F215,Tutorial,9,Subhradeep Pal,I211,S,1
CS F215,Tutorial,10,Subhradeep Pal,I211,T,9
CS F222,DISCR STRUC FOR COMP SCI,1,NL BHANUMURTHY,F102,M W F,2
CS F222,Tutorial,1,Sameera Muhamed Salam,I112,T,9
CS F222,Tutorial,2,Sameera Muhamed Salam,I112,S,1
CS F222,Tutorial,3,TO BE ANNOUNCED,I111,T,9
CS F222,Tutorial,4,Raghunath Reddy M,I111,S,1
CS F301,PRINCIPLES OF PROGG LANG,1,R GURURAJ,F102,T Th,3
CS F301,Tutorial,1,R Gururaj,I122,T,7
CS F301,Tutorial,2,Jabez J Christopher,I212,T,7
CS F301,Tutorial,3,Jabez J Christopher,I111,Th,7
CS F301,Tutorial,4,Jabez J Christopher,I212,M,5
CS F320,FOUNDATIONS OF DATA SCIENCE,1,NL BHANUMURTHY,F106,T Th S,4
CS F342,COMPUTER ARCHITECTURE,1,RAJIB RANJAN MAITI,F102,M W F,7
CS F342,Practical,1,Rajib Ranjan Maiti,D313,T,7 8
CS F342,Practical,2,Rajib Ranjan Maiti,D313,F,4 5
CS F342,Practical,3,Aritra Mukherjee,D313,M,4 5
CS F342,Practical,4,Aritra Mukherjee,D313,W,4 5
CS F342,Tutorial,1,G Geethakumari,I111,M,5
CS F342,Tutorial,2,G Geethakumari,I111,W,5
CS F342,Tutorial,3,Nikumani Choudhury,I112,M,5
CS F342,Tutorial,4,Nikumani Choudhury,I112,W,5
CS F351,THEORY OF COMPUTATION,1,RAGHUNATH REDDY M,F102,T Th S,5
CS F351,Tutorial,1,R Gururaj,I210,F,1
CS F351,Tutorial,2,Raghunath Reddy M,I112,W,1
CS F351,Tutorial,3,R Gururaj,I113,M,1
CS F351,Tutorial,4,R Gururaj,I113,W,1
CS F372,OPERATING SYSTEMS,1,BARSHA MITRA,F102,T Th,9
CS F372,OPERATING SYSTEMS,1,Barsha Mitra,F102,S,3
CS F372,Tutorial,1,Paresh Saxena,A019,W,1
CS F372,Tutorial,2,Paresh Saxena,D312,F,5
CS F372,Tutorial,3,DipanJan Chakraborty,D313,F,1
CS F372,Tutorial,4,DipanJan Chakraborty,D312,W,5
CS F407,ARTIFICIAL INTELLIGENCE,1,JABEZ J CHRISTOPHER,F106,M W F,3
CS F425,DEEP LEARNING,1,PARESH SAXENA,F107,M W F,8
CS F429,NATURAL LANGUAGE PROCESSING,1,ARUNA MALAPATI,F107,M W F,2
CS F433,COMPUTATIONAL NEUROSCIENCE,1,RAMASWAMY VENKATAKR,I111,M W F,9
CS F441,SEL TOPICS FROM COMP SC,1,TATHAGATA RAY,F101,M W F,8
CS G519,SOCIAL MEDIA ANALYTICS,1,JABEZ J CHRISTOPHER,F101,M W F,10
CS G519,Practical,1,Jabez J Christopher,LAB,T,8 9
CS G525,ADV COMPUTER NETWORKS,1,NIKUMANI CHOUDHURY,I111,T Th S,4
CS G525,Practical,1,Nikumani Choudhury,I014,M W,8 9
CS G526,ADV ALGORITHMS & COMPLEXITY,1,APURBA DAS,I111,M W F,4
CS G526,Practical,1,Apurba Das,I014,T Th,2 3
CS G527,CLOUD COMPUTING,1,SUBHRAKANTA PANDA,I112,M W F,3
CS G553,RECONFIGURABLE COMPUTING,1,S K SAHOO,F101,M W F,6
CS G553,Practical,1,S K Sahoo,LAB,Th,7 8
CS G623,ADVANCED OPERAT SYSTEMS,1,PRAGATI SHRIVASTAVA,I113,M W F,5
CS G623,Practical,1,Pragati Shrivastava,I014,T Th,8 9
DE G531,PRODUCT DESIGN,1,NITIN RAMESH K,G206,T Th,5
DE G531,PRODUCT DESIGN,1,Nitin Ramesh K,G206,S,1
DE G531,Practical,1,Aarjoo Jaimin,D208 C,T Th,7 8
DE G611,DYNAMICS & VIBRATION,1,G R SABAREESH,F205,M W F,3
DE G611,Practical,1,G R Sabareesh,LAB,M W,7 8
DE G631,MATERIALS TECH AND TESTING,1,PRABAKARAN SARAVANA,G208,M W F,2
DE G631,Practical,1,Danavath Balu,LAB,M W,4 5
ECE F211,ELECTRICAL MACHINES,1,ALIVELU MANGA PARIMI,F105,M W F,2
ECE F211,ELECTRICAL MACHINES,2,Ankur Bhattacharjee,F104,M W F,2
ECE F211,Practical,1,Alivelu Manga Parimi,WS,T,2 3
ECE F211,Practical,2,Alivelu Manga Parimi,WS,Th,2 3
ECE F211,Practical,3,Ankur Bhattacharjee,WS,M,6 7
ECE F211,Practical,4,N Praneeth,WS,W,6 7
ECE F211,Practical,5,Manoj Samal,WS,F,6 7
ECE F211,Practical,6,N Praneeth,WS,T,6 7
ECE F211,Practical,7,Gorityala Aishvaria,WS,Th,6 7
ECE F211,Practical,8,Kurakula Anudeep,WS,S,2 3
ECE F211,Tutorial,1,Alivelu Manga Parimi,I111,Th,1
ECE F211,Tutorial,2,Alivelu Manga Parimi,I212,T,9
ECE F211,Tutorial,3,Ankur Bhattacharjee,I213,S,1
ECE F211,Tutorial,4,Ankur Bhattacharjee,I213,T,9
ECE F211,Tutorial,5,Sudha Radhika,I221,S,1
ECE F211,Tutorial,6,Sudha Radhika,I221,T,9
ECE F211,Tutorial,7,TO BE ANNOUNCED,I222,S,1
ECE F211,Tutorial,8,TO BE ANNOUNCED,I222,T,9
ECE F212,ELECTROMAGNETIC THEO I,1,SASHIDEEP GUTTI,F107,T Th S,4
ECE F212,ELECTROMAGNETIC THEO I,2,VSN Murthy,F108,T Th S,4
ECE F212,ELECTROMAGNETIC THEO I,3,Subhash N. Karbelkar,G205,T Th S,4
ECE F212,ELECTROMAGNETIC THEO I,4,Rahul Nigam,G206,T Th S,4
ECE F212,ELECTROMAGNETIC THEO I,5,Swastik Bhattacharya,G207,T Th S,4
ECE F212,ELECTROMAGNETIC THEO I,6,K V Shiv Chaitanya,G208,T Th S,4
ECE F212,Tutorial,1,Sashideep Gutti,F107,T,1
ECE F212,Tutorial,2,VSN Murthy,F108,T,1
ECE F212,Tutorial,3,Subhash N. Karbelkar,G205,T,1
ECE F212,Tutorial,4,Rahul Nigam,G206,T,1
ECE F212,Tutorial,5,Swastik Bhattacharya,G207,T,1
ECE F212,Tutorial,6,K V Shiv Chaitanya,G208,T,1
ECE F214,ELECTRONIC DEVICES,1,SAYAN KANUNGO,F104,M W F,8
ECE F214,ELECTRONIC DEVICES,2,Parikshit Parshuram Sahatiy,F105,M W F,8
ECE F214,Tutorial,1,Sayan Kanungo,I210,Th,1
ECE F214,Tutorial,2,Sayan Kanungo,I210,M,1
ECE F214,Tutorial,3,Parikshit Parshuram Sahatiy,I211,Th,1
ECE F214,Tutorial,4,Surya Shankar Dan,I212,Th,1
ECE F214,Tutorial,5,Surya Shankar Dan,I212,M,1
ECE F214,Tutorial,6,TO BE ANNOUNCED,I213,Th,1
ECE F214,Tutorial,7,TO BE ANNOUNCED,I211,M,1
ECE F214,Tutorial,8,TO BE ANNOUNCED,I213,M,1
ECE F215,DIGITAL DESIGN,1,JOYJIT MUKHERJEE,F102,M W F,3
ECE F215,DIGITAL DESIGN,2,BVVSN Prabhakar Rao,F105,M W F,3
ECE F215,Practical,1,BVVSN Prabhakar Rao,I012,T,2 3
ECE F215,Practical,2,S K Chatterjee,I012,S,2 3
ECE F215,Practical,3,S K Chatterjee,I012,Th,2 3
ECE F215,Practical,4,Joyjit Mukherjee,I013,Th,2 3
ECE F215,Practical,5,Joyjit Mukherjee,I012,T,6 7
ECE F215,Practical,6,Ankur Bhattacharjee,I013,T,2 3
ECE F215,Practical,7,Gowtham Polumati,I012,M,6 7
ECE F215,Practical,8,Naresh Bahadursha,I013,S,2 3
ECE F215,Practical,9,Shuvra Jyoti Bose,I013,M,6 7
ECE F215,Practical,10,Vanmathi S,I012,W,6 7
ECE F215,Practical,11,Bishal kumar keshari,I013,W,6 7
ECE F215,Practical,12,Parvathy nair,I012,F,6 7
ECE F215,Practical,13,Naresh Bahadursha,I013,F,6 7
ECE F215,Practical,14,Vanmathi S,I012,Th,6 7
ECE F215,Practical,15,Gowtham Polumati,I013,Th,6 7
ECE F215,Practical,16,Manish Laxminarayan Bhaiy,I013,T,6 7
ECE F215,Tutorial,1,Joyjit Mukherjee,I113,T,9
ECE F215,Tutorial,2,Joyjit Mukherjee,I113,S,1
ECE F215,Tutorial,3,BVVSN Prabhakar Rao,I114,S,1
ECE F215,Tutorial,4,BVVSN Prabhakar Rao,I114,T,9
ECE F215,Tutorial,5,Soumya J,I122,S,1
ECE F215,Tutorial,6,Soumya J,I122,T,9
ECE F215,Tutorial,7,Sourav Nandi,I210,S,1
ECE F215,Tutorial,8,Sourav Nandi,I210,T,9
ECE F215,Tutorial,9,Subhradeep Pal,I211,S,1
ECE F215,Tutorial,10,Subhradeep Pal,I211,T,9
ECE F311,COMMUNICATION SYSTEMS,1,PRASANT KUMAR P,F105,T Th S,3
ECE F311,COMMUNICATION SYSTEMS,2,Niladri Das,F104,T Th S,3
ECE F311,Practical,1,Niladri Das,H106,M,4 5
ECE F311,Practical,2,Niladri Das,H106,W,4 5
ECE F311,Practical,3,Runa Kumari,H106,T,7 8
ECE F311,Practical,4,Prasant Kumar P,H106,Th,7 8
ECE F311,Practical,5,Atri Mukhopadhyay,H106,F,4 5
ECE F311,Practical,6,Atri Mukhopadhyay,H106,M,6 7
ECE F311,Tutorial,1,Niladri Das,I114,M,1
ECE F311,Tutorial,2,Runa Kumari,I114,F,1
ECE F311,Tutorial,3,Runa Kumari,I114,W,1
ECE F311,Tutorial,4,Prasant Kumar P,I122,M,1
ECE F311,Tutorial,5,Prasant Kumar P,I122,W,1
ECE F314,EM FILEDS & MICRO ENGG,1,HARISH VIJAY DIXIT,F105,T Th,9 10
ECE F314,Tutorial,1,Harish Vijay Dixit,I111,F,1
ECE F314,Tutorial,2,Shaik sultan,I112,F,1
ECE F314,Tutorial,3,Shaik sultan,I210,W,1
ECE F424,SMART GRID FOR SUSTAINABLE ENERGY,1,PRATYUSH CHAKRABORT,I112,T Th S,4
ECE F434,DIGITAL SIGNAL PROCESS,1,VENKATESWARAN R,F104,T Th S,5
ECE F434,Practical,1,Venkateswaran R,I011,F,4 5
ECE F434,Practical,2,Himanshi Awasthi,I011,T,7 8
ECE F434,Practical,3,Rajesh Kumar Tripathy,I011,W,4 5
ECE F434,Practical,4,Rajesh Kumar Tripathy,I011,M,4 5
ECE F434,Tutorial,1,Venkateswaran R,I221,M,1
ECE F434,Tutorial,2,Venkateswaran R,I221,W,1
ECE F434,Tutorial,3,S K Sahoo,I222,M,1
ECON F211,PRINCIPLES OF ECONOMICS,1,SUDATTA BANERJEE,F207,M W F,8
ECON F211,PRINCIPLES OF ECONOMICS,2,Archana Srivastava,F104,M W F,10
ECON F211,PRINCIPLES OF ECONOMICS,3,Mini Thomas,F107,M W F,10
ECON F211,PRINCIPLES OF ECONOMICS,4,Rishi Kumar,F106,M W F,10
ECON F211,Tutorial,1,Sudatta Banerjee,G101,W,1
ECON F211,Tutorial,2,Archana Srivastava,F207,W,1
ECON F211,Tutorial,3,Mini Thomas,G102,W,1
ECON F211,Tutorial,4,Rishi Kumar,G207,W,1
ECON F212,FUNDA OF FIN AND ACCOUNT,1,T NAGARAJU,F207,T Th S,2
ECON F212,FUNDA OF FIN AND ACCOUNT,2,Sunny Kumar Singh,F205,T Th S,2
ECON F213,MATHEMATIC & STAT METHOD,1,DUSHYANT KUMAR,F207,T Th S,4
ECON F213,Tutorial,1,Dushyant Kumar,F207,T,1
ECON F214,ECONOMIC ENV OF BUSINESS,1,SUDATTA BANERJEE,F207,M W F,3
ECON F214,Tutorial,1,Sudatta Banerjee,F207,Th,1
ECON F215,COMPUTATIONAL METHODS FOR ECON,1,RISHI KUMAR,J107,T Th S,4
ECON F242,MICROECONOMICS,1,VIVEKANANDA MUKHERJE,J217,T Th S,2
ECON F311,INTERNATIONAL ECONOMICS,1,ARCHANA SRIVASTAVA,G208,T Th S,2
ECON F311,Tutorial,1,Archana Srivastava,G208,T,8
ECON F312,MONEY BANKING & FIN MARKETS,1,SUNNY KUMAR SINGH,G208,M W F,4
ECON F312,Tutorial,1,Sunny Kumar Singh,G208,Th,8
ECON F313,ISSUES IN ECONOMIC DEV,1,DURGESH C PATHAK,G208,M W F,9
ECON F313,Tutorial,1,Durgesh C Pathak,G208,Th,9
ECON F315,FINANCIAL MANAGEMENT,1,NIVEDITA SINHA,F208,T Th S,2
ECON F345,BEHAVIORAL ECONOMICS,1,DUSHYANT KUMAR,J217,M W F,9
ECON F351,INDIAN ECONOMIC DEV,1,DURGESH C PATHAK,J217,T Th S,4
ECON F354,DERIVATIVES & RISK MGMT,1,SHREYA BISWAS,F208,T Th S,4
ECON F355,BUSS ANAL & VALUATION,1,NIVEDITA SINHA,F208,M W F,2
ECON F412,SECUR ANAL & PORTFOL MGT,1,SHREYA BISWAS,F208,M W F,8
ECON F412,SECUR ANAL & PORTFOL MGT,2,C H Yaganti,G105,M W F,8
ECON F415,NEW VENTURE CREATION,1,ARCHANA SRIVASTAVA,F101,T Th,10 11
ECON F434,INTERNATIONAL BUSINESS,1,MINI THOMAS,J217,M W F,3
EEE F111,ELECTRICAL SCIENCES,1,STP SRINIVAS,F105,T Th S,2
EEE F111,ELECTRICAL SCIENCES,2,Mithun Mondal,F103,M W F,9
EEE F111,Tutorial,1,STP Srinivas,I111,T,7
EEE F111,Tutorial,2,STP Srinivas,I111,Th,9
EEE F111,Tutorial,3,STP Srinivas,I112,F,4
EEE F111,Tutorial,4,Mithun Mondal,I112,T,7
EEE F111,Tutorial,5,Mithun Mondal,I112,Th,9
EEE F111,Tutorial,6,Mithun Mondal,I112,W,4
EEE F111,Tutorial,7,Amit Kumar Panda,I122,T,1
EEE F111,Tutorial,8,Amit Kumar Panda,I122,Th,1
EEE F111,Tutorial,9,Mithun Mondal,I112,M,4
EEE F211,ELECTRICAL MACHINES,1,ALIVELU MANGA PARIMI,F105,M W F,2
EEE F211,ELECTRICAL MACHINES,2,Ankur Bhattacharjee,F104,M W F,2
EEE F211,Practical,1,Alivelu Manga Parimi,WS,T,2 3
EEE F211,Practical,2,Alivelu Manga Parimi,WS,Th,2 3
EEE F211,Practical,3,Ankur Bhattacharjee,WS,M,6 7
EEE F211,Practical,4,N Praneeth,WS,W,6 7
EEE F211,Practical,5,Manoj Samal,WS,F,6 7
EEE F211,Practical,6,N Praneeth,WS,T,6 7
EEE F211,Practical,7,Gorityala Aishvaria,WS,Th,6 7
EEE F211,Practical,8,Kurakula Anudeep,WS,S,2 3
EEE F211,Tutorial,1,Alivelu Manga Parimi,I111,Th,1
EEE F211,Tutorial,2,Alivelu Manga Parimi,I212,T,9
EEE F211,Tutorial,3,Ankur Bhattacharjee,I213,S,1
EEE F211,Tutorial,4,Ankur Bhattacharjee,I213,T,9
EEE F211,Tutorial,5,Sudha Radhika,I221,S,1
EEE F211,Tutorial,6,Sudha Radhika,I221,T,9
EEE F211,Tutorial,7,TO BE ANNOUNCED,I222,S,1
EEE F211,Tutorial,8,TO BE ANNOUNCED,I222,T,9
EEE F212,ELECTROMAGNETIC THEO I,1,SASHIDEEP GUTTI,F107,T Th S,4
EEE F212,ELECTROMAGNETIC THEO I,2,VSN Murthy,F108,T Th S,4
EEE F212,ELECTROMAGNETIC THEO I,3,Subhash N. Karbelkar,G205,T Th S,4
EEE F212,ELECTROMAGNETIC THEO I,4,Rahul Nigam,G206,T Th S,4
EEE F212,ELECTROMAGNETIC THEO I,5,Swastik Bhattacharya,G207,T Th S,4
EEE F212,ELECTROMAGNETIC THEO I,6,K V Shiv Chaitanya,G208,T Th S,4
EEE F212,Tutorial,1,Sashideep Gutti,F107,T,1
EEE F212,Tutorial,2,VSN Murthy,F108,T,1
EEE F212,Tutorial,3,Subhash N. Karbelkar,G205,T,1
EEE F212,Tutorial,4,Rahul Nigam,G206,T,1
EEE F212,Tutorial,5,Swastik Bhattacharya,G207,T,1
EEE F212,Tutorial,6,K V Shiv Chaitanya,G208,T,1
EEE F214,ELECTRONIC DEVICES,1,SAYAN KANUNGO,F104,M W F,8
EEE F214,ELECTRONIC DEVICES,2,Parikshit Parshuram Sahatiy,F105,M W F,8
EEE F214,Tutorial,1,Sayan Kanungo,I210,Th,1
EEE F214,Tutorial,2,Sayan Kanungo,I210,M,1
EEE F214,Tutorial,3,Parikshit Parshuram Sahatiy,I211,Th,1
EEE F214,Tutorial,4,Surya Shankar Dan,I212,Th,1
EEE F214,Tutorial,5,Surya Shankar Dan,I212,M,1
EEE F214,Tutorial,6,TO BE ANNOUNCED,I213,Th,1
EEE F214,Tutorial,7,TO BE ANNOUNCED,I211,M,1
EEE F214,Tutorial,8,TO BE ANNOUNCED,I213,M,1
EEE F215,DIGITAL DESIGN,1,JOYJIT MUKHERJEE,F102,M W F,3
EEE F215,DIGITAL DESIGN,2,BVVSN Prabhakar Rao,F105,M W F,3
EEE F215,Practical,1,BVVSN Prabhakar Rao,I012,T,2 3
EEE F215,Practical,2,S K Chatterjee,I012,S,2 3
EEE F215,Practical,3,S K Chatterjee,I012,Th,2 3
EEE F215,Practical,4,Joyjit Mukherjee,I013,Th,2 3
EEE F215,Practical,5,Joyjit Mukherjee,I012,T,6 7
EEE F215,Practical,6,Ankur Bhattacharjee,I013,T,2 3
EEE F215,Practical,7,Gowtham Polumati,I012,M,6 7
EEE F215,Practical,8,Naresh Bahadursha,I013,S,2 3
EEE F215,Practical,9,Shuvra Jyoti Bose,I013,M,6 7
EEE F215,Practical,10,Vanmathi S,I012,W,6 7
EEE F215,Practical,11,Bishal kumar keshari,I013,W,6 7
EEE F215,Practical,12,Parvathy nair,I012,F,6 7
EEE F215,Practical,13,Naresh Bahadursha,I013,F,6 7
EEE F215,Practical,14,Vanmathi S,I012,Th,6 7
EEE F215,Practical,15,Gowtham Polumati,I013,Th,6 7
EEE F215,Practical,16,Manish Laxminarayan Bhaiy,I013,T,6 7
EEE F215,Tutorial,1,Joyjit Mukherjee,I113,T,9
EEE F215,Tutorial,2,Joyjit Mukherjee,I113,S,1
EEE F215,Tutorial,3,BVVSN Prabhakar Rao,I114,S,1
EEE F215,Tutorial,4,BVVSN Prabhakar Rao,I114,T,9
EEE F215,Tutorial,5,Soumya J,I122,S,1
EEE F215,Tutorial,6,Soumya J,I122,T,9
EEE F215,Tutorial,7,Sourav Nandi,I210,S,1
EEE F215,Tutorial,8,Sourav Nandi,I210,T,9
EEE F215,Tutorial,9,Subhradeep Pal,I211,S,1
EEE F215,Tutorial,10,Subhradeep Pal,I211,T,9
EEE F216,ELECTRONIC DEVICE SIMULATION LAB,1,SAYAN KANUNGO,I124,M W,4 5
EEE F311,COMMUNICATION SYSTEMS,1,PRASANT KUMAR P,F105,T Th S,3
EEE F311,COMMUNICATION SYSTEMS,2,Niladri Das,F104,T Th S,3
EEE F311,Practical,1,Niladri Das,H106,M,4 5
EEE F311,Practical,2,Niladri Das,H106,W,4 5
EEE F311,Practical,3,Runa Kumari,H106,T,7 8
EEE F311,Practical,4,Prasant Kumar P,H106,Th,7 8
EEE F311,Practical,5,Atri Mukhopadhyay,H106,F,4 5
EEE F311,Practical,6,Atri Mukhopadhyay,H106,M,6 7
EEE F311,Tutorial,1,Niladri Das,I114,M,1
EEE F311,Tutorial,2,Runa Kumari,I114,F,1
EEE F311,Tutorial,3,Runa Kumari,I114,W,1
EEE F311,Tutorial,4,Prasant Kumar P,I122,M,1
EEE F311,Tutorial,5,Prasant Kumar P,I122,W,1
EEE F313,ANALOG & DIGITAL VLSI DES,1,S K CHATTERJEE,F104,M W F,7
EEE F313,Tutorial,1,S K Chatterjee,I211,T,1
EEE F313,Tutorial,2,Syed Ershad Ahmed,I211,F,1
EEE F313,Tutorial,3,Syed Ershad Ahmed,I211,W,1
EEE F313,Tutorial,4,Syed Ershad Ahmed,I221,Th,1
EEE F411,INTERNET OF THINGS,1,ATRI MUKHOPADHYAY,F106,T Th S,2
EEE F411,Practical,1,Atri Mukhopadhyay,J105,Th,7 8
EEE F411,Practical,2,Atri Mukhopadhyay,J105,W,4 5
EEE F411,Practical,3,Ponnalagu R N,J105,M,4 5
EEE F411,Practical,4,Ponnalagu R N,J105,W,6 7
EEE F422,MODERN CONTROL SYSTEMS,1,PRATYUSH CHAKRABORT,I111,M W F,2
EEE F424,SMART GRID FOR SUSTAINABLE ENERGY,1,PRATYUSH CHAKRABORT,I112,T Th S,4
EEE F434,DIGITAL SIGNAL PROCESS,1,VENKATESWARAN R,F104,T Th S,5
EEE F434,Practical,1,Venkateswaran R,I011,F,4 5
EEE F434,Practical,2,Himanshi Awasthi,I011,T,7 8
EEE F434,Practical,3,Rajesh Kumar Tripathy,I011,W,4 5
EEE F434,Practical,4,Rajesh Kumar Tripathy,I011,M,4 5
EEE F434,Tutorial,1,Venkateswaran R,I221,M,1
EEE F434,Tutorial,2,Venkateswaran R,I221,W,1
EEE F434,Tutorial,3,S K Sahoo,I222,M,1
EEE G510,RF MICROELECTRONICS,1,SOURAV NANDI,I211,M W F,5
EEE G510,Practical,1,Sourav Nandi,I115,T Th,4 5
EEE G512,EMBEDDED SYSTEM DESIGN,1,SYED ERSHAD AHMED,F108,M W F,3
EEE G512,Practical,1,Syed Ershad Ahmed,J105,T,7 8
EEE G513,MACHINE LEARNING FOR ELECTRONICS ENGINEERS,1,PRASHANT WALI,J121,M W F,4
EEE G513,Practical,1,Cynthia C,J105,T Th,9 10
EEE G581,RF & MICROWAVE ENGG,1,HARISH VIJAY DIXIT,I221,T Th S,4
EEE G581,Practical,1,Neha Parmar,K125,M W,9 10
EEE G591,OPTICAL COMMUNICATION,1,SUBHRADEEP PAL,J206,M W F,3
EEE G591,Practical,1,Subhradeep Pal,J106,M W,8 9
EEE G612,CODING THEORY & PRACTICE,1,RUNA KUMARI,I222,M W F,4
EEE G612,Practical,1,Ch Suresh Kumar,H106,T S,2 3
EEE G613,ADV DIGITAL SIGNAL PROC,1,RAJESH KUMAR TRIPATHY,I221,M W F,2
EEE G613,Practical,1,Rajesh Kumar Tripathy,I011,M F,7 8
EEE G614,ADVANCED WIRELESS COMMUNICATIONS,1,PRASHANT WALI,I211,T Th S,3
EEE G614,Practical,1,Prashant Wali,LAB,F,8 9
EEE G614,Practical,1,Prashant Wali,LAB,S,4 5
EEE G626,HARDWARE SOFTWARE CO-DSN,1,AMIT KUMAR PANDA,J121,M W F,3
EEE G626,Practical,1,Amit Kumar Panda,J105,M,7 8
FIN F311,DERIVATIVES & RISK MGMT,1,SHREYA BISWAS,F208,T Th S,4
FIN F313,SECUR ANAL & PORTFOL MGT,1,SHREYA BISWAS,F208,M W F,8
FIN F313,SECUR ANAL & PORTFOL MGT,2,C H Yaganti,G105,M W F,8
FIN F315,FINANCIAL MANAGEMENT,1,NIVEDITA SINHA,F208,T Th S,2
FIN F414,FINANCIAL RISK ANALYTICS AND MANAGEMENT,1,T NAGARAJU,J218,M W F,3
GS F211,MODERN POLITICAL CONCEPTS,1,LAVANYA SURESH,J107,T Th S,3
GS F233,PUBLIC POLICY,1,HARSH MITTAL,J119,M W F,9
GS F245,EFFECTIVE PUBLIC SPEAK,1,SANTOSH  MAHAPATRA,J120,M W F,7
GS F312,APPLIED PHILOSOPHY,1,JAYESH A K,J115,T Th S,2
GS F322,CRITI ANAL OF LIT & CINE,1,MG PRASUNA,J119,M W F,3
HSS F228,PHONETICS & SPOKEN ENGL,1,PRANESH BHARGAVA,J115,T Th S,3
HSS F235,INTRODUCTORY PHILOSOPHY,1,JAYESH A K,J115,M W F,9
HSS F237,CONTEMPORARY INDIAN ENGLISH FICTION,1,MAYA VINAI,J120,T Th S,3
HSS F247,SOCIAL INFORMATICS,1,SANTOSH  MAHAPATRA,J120,T Th S,4
HSS F249,POLITICS IN INDIA,1,LAVANYA SURESH,J107,M W F,2
HSS F251,INTR TO DISCOURSE AND CONVERSATIONAL ANALYSIS,1,PRANESH BHARGAVA,J115,M W F,7
HSS F318,INTRO TO ANTHROPOLOGY,1,SUCHISMITA SATPATHY,J120,M W F,9
HSS F325,CINEMATIC ADAPTATION,1,SHILPAA ANAND,J214,M W F,3
HSS F328,HUMAN RESOURCES DEV,1,SWATI ALOK,J217,T Th S,3
HSS F331,SANKARA'S THOUGHTS,1,MAYA VINAI,J206,M W F,9
HSS F336,MODERN FICTION,1,VIJAY KUMAR TADAKAMAL,J119,T Th S,2
HSS F337,ENGLISH LITERARY FORMS AND MOVEMENTS,1,MG PRASUNA,J119,M W F,7
HSS F338,COMPARATIVE INDIAN LIT,1,VIJAY KUMAR TADAKAMAL,J121,M W F,9
HSS F346,INTERNATIONAL RELATIONS,1,SUCHISMITA SATPATHY,J115,T Th S,4
HSS F349,ECOCRITICISM,1,TONY SEBASTIAN,J214,M W F,9
HSS F361,URBAN POLICY AND GOVERNANCE,1,HARSH MITTAL,J219,T Th S,3
HSS F363,DISASTER AND DEVELOPMENT,1,BISWANATH DASH,J107,T Th S,2
HSS F365,SCIENCE OF SUSTAINABLE HAPPINESS,1,ARUNA LOLLA,J121,M W F,7
HSS F378,CINEMAS OF INDIA: FROM PAST TO PRESENT,1,SPANDAN BHATTACHARYA,J214,M W F,2
INSTR F211,ELECTRICAL MACHINES,1,ALIVELU MANGA PARIMI,F105,M W F,2
INSTR F211,ELECTRICAL MACHINES,2,Ankur Bhattacharjee,F104,M W F,2
INSTR F211,Practical,1,Alivelu Manga Parimi,WS,T,2 3
INSTR F211,Practical,2,Alivelu Manga Parimi,WS,Th,2 3
INSTR F211,Practical,3,Ankur Bhattacharjee,WS,M,6 7
INSTR F211,Practical,4,N Praneeth,WS,W,6 7
INSTR F211,Practical,5,Manoj Samal,WS,F,6 7
INSTR F211,Practical,6,N Praneeth,WS,T,6 7
INSTR F211,Practical,7,Gorityala Aishvaria,WS,Th,6 7
INSTR F211,Practical,8,Kurakula Anudeep,WS,S,2 3
INSTR F211,Practical,9,TO BE ANNOUNCED,WS,S,6 7
INSTR F211,Practical,10,TO BE ANNOUNCED,WS,S,8 9
INSTR F211,Tutorial,1,Alivelu Manga Parimi,I111,Th,1
INSTR F211,Tutorial,2,Alivelu Manga Parimi,I212,T,9
INSTR F211,Tutorial,3,Ankur Bhattacharjee,I213,S,1
INSTR F211,Tutorial,4,Ankur Bhattacharjee,I213,T,9
INSTR F211,Tutorial,5,Sudha Radhika,I221,S,1
INSTR F211,Tutorial,6,Sudha Radhika,I221,T,9
INSTR F211,Tutorial,7,TO BE ANNOUNCED,I222,S,1
INSTR F211,Tutorial,8,TO BE ANNOUNCED,I222,T,9
INSTR F212,ELECTROMAGNETIC THEORY I,1,SASHIDEEP GUTTI,F107,T Th S,4
INSTR F212,ELECTROMAGNETIC THEORY I,2,VSN Murthy,F108,T Th S,4
INSTR F212,ELECTROMAGNETIC THEORY I,3,Subhash N. Karbelkar,G205,T Th S,4
INSTR F212,ELECTROMAGNETIC THEORY I,4,Rahul Nigam,G206,T Th S,4
INSTR F212,ELECTROMAGNETIC THEORY I,5,Swastik Bhattacharya,G207,T Th S,4
INSTR F212,ELECTROMAGNETIC THEORY I,6,K V Shiv Chaitanya,G208,T Th S,4
INSTR F212,Tutorial,1,Sashideep Gutti,F107,T,1
INSTR F212,Tutorial,2,VSN Murthy,F108,T,1
INSTR F212,Tutorial,3,Subhash N. Karbelkar,G205,T,1
INSTR F212,Tutorial,4,Rahul Nigam,G206,T,1
INSTR F212,Tutorial,5,Swastik Bhattacharya,G207,T,1
INSTR F212,Tutorial,6,K V Shiv Chaitanya,G208,T,1
INSTR F214,ELECTRONIC DEVICES,1,SAYAN KANUNGO,F104,M W F,8
INSTR F214,ELECTRONIC DEVICES,2,Parikshit Parshuram Sahatiy,F105,M W F,8
INSTR F214,Tutorial,1,Sayan Kanungo,I210,Th,1
INSTR F214,Tutorial,2,Sayan Kanungo,I210,M,1
INSTR F214,Tutorial,3,Parikshit Parshuram Sahatiy,I211,Th,1
INSTR F214,Tutorial,4,Surya Shankar Dan,I212,Th,1
INSTR F214,Tutorial,5,Surya Shankar Dan,I212,M,1
INSTR F214,Tutorial,6,TO BE ANNOUNCED,I213,Th,1
INSTR F214,Tutorial,7,TO BE ANNOUNCED,I211,M,1
INSTR F214,Tutorial,8,TO BE ANNOUNCED,I213,M,1
INSTR F215,DIGITAL DESIGN,1,JOYJIT MUKHERJEE,F102,M W F,3
INSTR F215,DIGITAL DESIGN,2,BVVSN Prabhakar Rao,F105,M W F,3
INSTR F215,Practical,1,BVVSN Prabhakar Rao,I012,T,2 3
INSTR F215,Practical,2,S K Chatterjee,I012,S,2 3
INSTR F215,Practical,3,S K Chatterjee,I012,Th,2 3
INSTR F215,Practical,4,Joyjit Mukherjee,I013,Th,2 3
INSTR F215,Practical,5,Joyjit Mukherjee,I012,T,6 7
INSTR F215,Practical,6,Ankur Bhattacharjee,I013,T,2 3
INSTR F215,Practical,7,Gowtham Polumati,I012,M,6 7
INSTR F215,Practical,8,Naresh Bahadursha,I013,S,2 3
INSTR F215,Practical,9,Shuvra Jyoti Bose,I013,M,6 7
INSTR F215,Practical,10,Vanmathi S,I012,W,6 7
INSTR F215,Practical,11,Bishal kumar keshari,I013,W,6 7
INSTR F215,Practical,12,Parvathy nair,I012,F,6 7
INSTR F215,Practical,13,Naresh Bahadursha,I013,F,6 7
INSTR F215,Practical,14,Vanmathi S,I012,Th,6 7
INSTR F215,Practical,15,Gowtham Polumati,I013,Th,6 7
INSTR F215,Practical,16,Manish Laxminarayan Bhaiy,I013,T,6 7
INSTR F215,Tutorial,1,Joyjit Mukherjee,I113,T,9
INSTR F215,Tutorial,2,Joyjit Mukherjee,I113,S,1
INSTR F215,Tutorial,3,BVVSN Prabhakar Rao,I114,S,1
INSTR F215,Tutorial,4,BVVSN Prabhakar Rao,I114,T,9
INSTR F215,Tutorial,5,Soumya J,I122,S,1
INSTR F215,Tutorial,6,Soumya J,I122,T,9
INSTR F215,Tutorial,7,Sourav Nandi,I210,S,1
INSTR F215,Tutorial,8,Sourav Nandi,I210,T,9
INSTR F215,Tutorial,9,Subhradeep Pal,I211,S,1
INSTR F215,Tutorial,10,Subhradeep Pal,I211,T,9
INSTR F216,ELECTRONIC DEVICE SIMULATION,1,SAYAN KANUNGO,I124,M W,4 5
INSTR F311,ELECTRO INST & INST TECH,1,PONNALAGU R N,G208,T Th S,3
INSTR F311,Practical,1,Ponnalagu R N,K125,F,4 5
INSTR F311,Practical,2,Sanket Goel,K125,M,4 5
INSTR F311,Tutorial,1,Ponnalagu R N,G103,M,1
INSTR F311,Tutorial,2,Sanket Goel,I212,T,1
INSTR F312,TRANSD & MEASUREMENT TEC,1,SUDHA RADHIKA,G207,M W F,9
INSTR F312,Tutorial,1,Sudha Radhika,J120,Th,1
INSTR F312,Tutorial,2,Sudha Radhika,J120,M,1
INSTR F313,ANALOG & DIGITAL VLSI DES,1,S K CHATTERJEE,F104,M W F,7
INSTR F313,Tutorial,1,S K Chatterjee,I211,T,1
INSTR F313,Tutorial,2,Syed Ershad Ahmed,I211,F,1
INSTR F313,Tutorial,3,Syed Ershad Ahmed,I211,W,1
INSTR F313,Tutorial,4,Syed Ershad Ahmed,I221,Th,1
INSTR F424,SMART GRID FOR SUSTAINABLE ENERGY,1,PRATYUSH CHAKRABORT,I112,T Th S,4
IS F311,COMPUTER GRAPHICS,1,TATHAGATA RAY,F106,M W F,9
ITEB G621,SUPPLY CHAIN MANAGEMENT,1,C P KIRAN,F107,M W F,3
MATH F111,MATHEMATICS I,1,B MISHRA,F104,M W F,5
MATH F111,MATHEMATICS I,2,Sumit Kumar V,F105,M W F,1
MATH F111,MATHEMATICS I,3,Sushil Bhunia,F107,M W F,1
MATH F111,MATHEMATICS I,4,K Venkata Ratnam,F104,T Th S,2
MATH F111,MATHEMATICS I,5,Kishore Kumar,F103,M W F,5
MATH F111,MATHEMATICS I,6,Rohit Gupta,F106,M W F,5
MATH F111,MATHEMATICS I,7,Sajith P,F108,M W F,1
MATH F111,Tutorial,1,Vikas,J107,T,9
MATH F111,Tutorial,2,Purohit Nisarg Bharatbhi,J115,T,9
MATH F111,Tutorial,3,Ameya kolhatkar,J119,T,9
MATH F111,Tutorial,4,Moreshwar Jagadeorao Tayd,J120,T,9
MATH F111,Tutorial,5,Sayantan Ghosh,J121,T,9
MATH F111,Tutorial,6,Akankshya Sahu,J206,T,9
MATH F111,Tutorial,7,Mintu Mandal,J214,T,9
MATH F111,Tutorial,8,Debarati Mondal,J217,T,9
MATH F111,Tutorial,9,Rabindranath chakrabortty,J218,T,9
MATH F111,Tutorial,10,Subhendu Paul,J219,T,9
MATH F111,Tutorial,11,Bhawna,J220,T,9
MATH F111,Tutorial,12,Sneha Pradhan,G208,T,9
MATH F111,Tutorial,13,Dhrubajyoti Sarkar,G207,T,9
MATH F111,Tutorial,14,Jahir Abbas Sardar,G206,T,9
MATH F111,Tutorial,15,Md Imdadul Islam,G205,T,9
MATH F111,Tutorial,16,Kailash Chand Swami,G204,T,9
MATH F111,Tutorial,17,Sunil Rampuria,G203,T,9
MATH F111,Tutorial,18,TO BE ANNOUNCED,G102,T,9
MATH F111,Tutorial,19,TO BE ANNOUNCED,G108,T,9
MATH F211,MATHEMATICS III,1,TSL Radhika,F105,M W F,4
MATH F211,MATHEMATICS III,2,Jagan Mohan J,F102,M W F,10
MATH F211,MATHEMATICS III,3,Santanu Koley,F208,M W F,10
MATH F211,MATHEMATICS III,4,PK Sahoo,F103,M W F,4
MATH F211,MATHEMATICS III,5,K BHARGAV KUMAR,F103,M W F,10
MATH F211,MATHEMATICS III,6,G Murali Mohan Reddy,F208,M W F,4
MATH F211,MATHEMATICS III,7,Jhuma Sen Gupta,F104,M W F,4
MATH F211,Tutorial,1,Komal Kumar,J220,Th,9
MATH F211,Tutorial,2,Lakhan Valmik Jaybhaye,J219,Th,9
MATH F211,Tutorial,3,Zinnat Hassan,J218,Th,9
MATH F211,Tutorial,4,Sai Swagat Mishra,J217,Th,9
MATH F211,Tutorial,5,Nitin Kumar Sharma,J214,Th,9
MATH F211,Tutorial,6,Amit Kumar Pal,J206,Th,9
MATH F211,Tutorial,7,Sangeeta Dhawan,J204,Th,9
MATH F211,Tutorial,8,Sushil Pathak,J121,Th,9
MATH F211,Tutorial,9,Dheeraj Singh Rana,J120,Th,9
MATH F211,Tutorial,10,Gaurav Narayanrao Gadbail,J119,Th,9
MATH F211,Tutorial,11,Lohakare Santosh Vijay,J115,Th,9
MATH F211,Tutorial,12,Lokesh Kumar Duchaniya,J107,Th,9
MATH F211,Tutorial,13,Kadam Siddheshwar Atmara,I222,Th,9
MATH F211,Tutorial,14,Tapaswini Patro,I221,Th,9
MATH F211,Tutorial,15,Shubham Atmaram Narawad,I213,Th,9
MATH F211,Tutorial,16,Rahul Vijay Bhagat,I212,Th,9
MATH F211,Tutorial,17,Debasmita Mohanty,I211,Th,9
MATH F211,Tutorial,18,Suman Prabha Yadav,I210,Th,9
MATH F211,Tutorial,19,Debismita Nayak,I122,Th,9
MATH F211,Tutorial,20,Aaqid Mohi Ud Din Bhat,I114,Th,10
MATH F212,OPTIMIZATION,1,DK SATPATHI,F208,T Th S,5
MATH F212,OPTIMIZATION,2,Sumit Kumar V,G108,T Th S,4
MATH F212,Tutorial,1,Ashwini S,J206,S,1
MATH F212,Tutorial,2,Vipin V,J121,S,1
MATH F212,Tutorial,3,Santanu Kumar Dash,J120,S,1
MATH F212,Tutorial,4,Tathe Kartik Vilasrao,J119,S,1
MATH F212,Tutorial,5,Amya Ranjan Ray,J115,S,1
MATH F213,DISCRETE MATHEMATICS,1,A MICHAEL ALPHONSE,G108,M W F,3
MATH F213,Tutorial,1,Anshid Aboobacker,J115,T,1
MATH F213,Tutorial,2,Priyanka Vishwakarma,J119,T,1
MATH F214,ELEMENTARY REAL ANALYSIS,1,NIJJWAL KARAK,G108,M W F,2
MATH F214,Tutorial,1,Aleena Philip,J115,Th,1
MATH F214,Tutorial,2,Anjali P V,J119,Th,1
MATH F215,ALGEBRA I,1,PRATYUSHA CHATTOPADH,G108,M W F,8
MATH F215,Tutorial,1,Sunita Kumawat,G201,T,9
MATH F215,Tutorial,2,Amritanshu Rai,G202,T,9
MATH F231,NUMBER THEORY,1,DEBOPAM CHAKRABORTH,I112,M W F,2
MATH F311,INTRODUCTION TO TOPOLOGY,1,SHARAN GOPAL,G108,M W F,4
MATH F311,Tutorial,1,Ruddarraju Amrutha,J115,T,8
MATH F311,Tutorial,2,Hirendra Kumar Garai,J119,T,8
MATH F312,ORDINARY DIFF EQUATIONS,1,K BHARGAV KUMAR,G108,T Th S,2
MATH F312,Tutorial,1,Ankur Pandey,J115,Th,8
MATH F312,Tutorial,2,Shivangi Joshi,J119,Th,8
MATH F313,NUMERICAL ANALYSIS,1,G MURALI MOHAN REDDY,G108,M W F,9
MATH F313,Tutorial,1,Sandhya Mel,G206,Th,9
MATH F313,Tutorial,2,Mayuri Verma,G207,Th,9
MATH F420,MATHEMATICAL MODELLING,1,SANTANU KOLEY,I113,M W F,3
MATH F424,APPLIED STOCHASTIC PROCESS,1,SAYAN GHOSH,I113,T Th S,4
MATH F432,APPLIED STATISTICAL METHODS,1,FARIDA PARVEZ BARBHUI,I112,M W F,8
MATH F456,COSMOLOGY,1,PK SAHOO,I113,M W F,8
ME F112,WORKSHOP PRACTICE,1,KUNDAN KUMAR SINGH,F105,S,1
ME F112,WORKSHOP PRACTICE,2,Prabakaran Saravanan,F104,S,1
ME F112,Practical,1,Prabakaran Saravanan,WS,T,3 4 5
ME F112,Practical,2,Kundan Kumar Singh,WS,F,2 3 4
ME F112,Practical,3,Mrinal Ketan Jagirdar,WS,W,2 3 4
ME F112,Practical,4,Ronanki Suresh,WS,M,2 3 4
ME F112,Practical,5,Vardhanapu Muralidhar,WS,Th,3 4 5
ME F112,Practical,6,Bagadi Ramana Murthy,WS,S,3 4 5
ME F211,MECHANICS OF SOLIDS,1,AMIT KUMAR GUPTA,F103,M W F,3
ME F211,Tutorial,1,Kolla Lakshman Rao,G103,T,1
ME F211,Tutorial,2,Aditya Nema,G104,T,1
ME F211,Tutorial,3,TO BE ANNOUNCED,G105,T,1
ME F211,Tutorial,4,TO BE ANNOUNCED,F102,T,1
ME F212,FLUID MECHANICS,1,SAYAN DAS,F103,M W F,2
ME F212,Tutorial,1,Sayan Das,G103,Th,1
ME F212,Tutorial,2,Pardha Saradhi Gurugubelli,G104,Th,1
ME F212,Tutorial,3,N Jalaiah,G105,Th,1
ME F212,Tutorial,4,Supradeepan K,G106,Th,1
ME F216,MATERIALS SCIENCE AND ENGINEER,1,SUJITH R,F103,M W,8
ME F216,Practical,1,Piyush Chandra Verma,E002,F,6 7
ME F216,Practical,2,Sujith R,E002,T,6 7
ME F216,Practical,3,Kandula Uday Kumar Reddy,E002,Th,6 7
ME F216,Tutorial,1,Kandula Uday Kumar Reddy,G103,T,9
ME F216,Tutorial,2,TO BE ANNOUNCED,G104,T,9
ME F216,Tutorial,3,Ashish Saurabh,G105,T,9
ME F216,Tutorial,4,M Abhinav,G107,T,9
ME F217,APPLIED THERMODYNAMICS,1,M SRINIVAS,F103,T Th S,4
ME F217,Practical,1,Santanu Prasad Datta,E122,F,6 7
ME F217,Practical,2,S S Deshmukh,E122,T,2 3
ME F217,Practical,3,Satish K Dubey,E122,W,6 7
ME F217,Tutorial,1,R Parameshwaran,G103,S,1
ME F217,Tutorial,2,Satish K Dubey,G104,S,1
ME F217,Tutorial,3,M Srinivas,G105,S,1
ME F217,Tutorial,4,KRC Murthy,G106,S,1
ME F314,DESIGN OF MACHINE ELEMENTS,1,SP REGALLA,F103,M W F,7
ME F314,Tutorial,1,Suswanth Poluru,G105,M,1
ME F314,Tutorial,2,Veeraiahgari Vamshi,G106,M,1
ME F314,Tutorial,3,Himanshu shukla,G107,M,1
ME F314,Tutorial,4,Vicky Lad,G202,M,1
ME F315,ADVANCED MANUFACTURING PROCESSES,1,N SURESH KUMAR REDDY,F103,T Th,5
ME F315,Practical,1,N Suresh Kumar Reddy,WS,W,4 5
ME F315,Practical,2,Jose Santo,WS,F,4 5
ME F315,Practical,3,Mada Rukmini Sai Rupa Sri,WS,T,7 8
ME F315,Tutorial,1,Jose Santo,G103,W,1
ME F315,Tutorial,2,Gunashekar G,G104,W,1
ME F315,F106,3,Ahsan Ul Haq,G105,W,1
ME F315,F106,4,P  Chennakesava Sai,G107,W,1
ME F316,MANUFACTURING MANAGEMENT,1,AMRITHA PRIYADARSHINI,F103,T Th,9
ME F316,Tutorial,1,Jakkam Leela Kishan,G103,F,1
ME F316,Tutorial,2,Vicky Lad,G104,F,1
ME F316,Tutorial,3,Sreejith S,G105,F,1
ME F316,Tutorial,4,Mada Rukmini Sai Rupa Sri,G106,F,1
ME F317,"ENGINES, MOTORS AND MOBILITY",1,N JALAIAH,F103,T S,3
ME F317,Tutorial,1,K Monika,G103,M,5
ME F317,Tutorial,2,Meduri Sitaram,G104,M,5
ME F317,Tutorial,3,Joshua Kumar Saladi,G106,M,5
ME F317,Tutorial,4,Kalyani Panigrahi,G108,M,5
ME F418,ROCKET AND SPACECRAFT PROPULSION,1,SUPRADEEPAN K,G205,M W F,3
ME F424,ENERGY MANAGEMENT,1,S S DESHMUKH,G208,M W F,3
ME F425,ADDITIVE MANUFACTURING,1,PAVAN KUMAR P,G204,M W F,2
ME F428,SMART MATERIALS,1,PUNNAG CHATTERJEE,G205,M W F,9
ME F428,Practical,1,Punnag Chatterjee,LAB,Th,7 8
ME F443,QUALI CONTRO ASSUR & REL,1,C P KIRAN,G207,T Th S,2
ME F485,NUMERICAL TECHN  FOR FLOW AND HEAT TRANSFER,1,MRINAL KETAN JAGIRDAR,G203,T Th S,4
ME G511,MECHANISMS & ROBOTICS,1,YV DASESWARA RAO,G207,T Th S,3
ME G511,Practical,1,YV Daseswara Rao,D208 B,M W,7 8 9
ME G512,FINITE ELEMENT METHOD,1,AMOL VUPPULURI,G206,M W F,3
ME G512,Practical,1,Gaurav Sharma,D208 C,F,4 5
ME G513,HEATING & COOL OF BUILD,1,R PARAMESHWARAN,G206,M W F,4
ME G513,Practical,1,R Parameshwaran,LAB,F,7 8
ME G521,MECHANICAL SYSTEM DESIGN,1,ARNAB GUHA,G108,T Th S,1
ME G521,Practical,1,Arnab Guha,D208 B,F,7 8
ME G532,MACHINE TOOL ENGINEERING,1,KUNDAN KUMAR SINGH,G206,T Th S,3
ME G532,Practical,1,Gururaja S,WS,T Th,9 10
ME G535,ADV ENGG MATHEMATICS,1,KRC MURTHY,G205,T Th S,5
ME G535,Practical,1,KRC Murthy,D208 A,Th,8 9
ME G535,Practical,1,KRC Murthy,D208 A,F,4 5
ME G539,COMP INTEGRATED MANUFACT,1,KURRA SURESH,G206,T Th S,2
ME G539,Practical,1,Vishista kaushik,LAB,F,5 6
ME G613,ADVANCED FINITE ELEMENT MODELLING & ANALYSIS,1,AMOL VUPPULURI,G205,T Th S,2
ME G613,Practical,1,Amol Vuppuluri,D208 B,F,5 6
ME G641,THEORY OF ELASTICITY & PLAST,1,BRAJESH KUMAR PANIGR,G204,M W F,1
ME G641,Practical,1,Brajesh Kumar Panigrahi,E002,M W,5 6
MEL G611,IC FABRICATION TECHNOLOGY,1,PARIKSHIT PARSHURAM S,I122,M W F,4
MEL G611,Practical,1,Sohel Siraj,I214,T S,2 3
MEL G621,VLSI DESIGN,1,S GURUNARAYANAN,F108,T Th S,5
MEL G621,Practical,1,S Gurunarayanan,I124,M F,7 8
MEL G621,Practical,2,TO BE ANNOUNCED,I124,W,7 8
MEL G621,Practical,2,TO BE ANNOUNCED,I124,F,9 10
MEL G624,ADV VLSI ARCHITECTURES,1,S K SAHOO,I211,T Th S,5
MEL G624,Practical,1,S K Sahoo,I124,T Th,2 3
MEL G626,VLSI TEST & TESTABILITY,1,SYED ERSHAD AHMED,F101,M W F,9
MEL G626,Practical,1,Syed Ershad Ahmed,I124,Th,7 8
MEL G626,Practical,1,Syed Ershad Ahmed,I124,S,2 3
MEL G631,PHYSICS AND MODELLING OF MICROELECTRONIC DEVICES,1,SURYA SHANKAR DAN,I213,T Th S,4
MEL G631,Practical,1,Soumi Saha,I124,T Th,9 10
MF F311,MECHATRONICS & AUTOMAT,1,ARSHAD JAVED,G202,T Th S,4
MF F311,Practical,1,Arshad Javed,LAB,Th,7 8
MGTS F211,PRINCIPLES OF MANAGEMENT,1,SWATI ALOK,F105,M W F,10
MGTS F211,Tutorial,1,Swati Alok,F208,W,1
MGTS F316,MANAGERIAL & LEADERSHIP SKILLS,1,R RAGHUNATHAN,J217,M W F,8
MSE G511,MECHATRONICS,1,ARSHAD JAVED,G202,T Th S,4
MSE G511,Practical,1,Arshad Javed,LAB,Th,9 10
MSE G521,WORLD-CLASS MANUFACTUR,1,RAVI SHANKER VIDYARTH,G205,T Th S,3
MSE G521,Practical,1,Ravi Shanker Vidyarthy,LAB,M,7 8
PHA F211,PHARMACEUTICAL ANALYSIS,1,BALRAM GHOSH,G106,M W,2
PHA F211,Practical,1,Balram Ghosh,B212,M,6 7
PHA F211,Practical,2,Balram Ghosh,B212,W,6 7
PHA F211,Tutorial,2,Balram Ghosh,G106,F,2
PHA F215,INTRODUCTION TO MOLECULAR BIO & IMMUNOLOGY,1,ARTI DHAR,G106,T Th,4
PHA F215,Practical,1,Arti Dhar,A009,F,6 7
PHA F215,Practical,2,Arti Dhar,A009,Th,6 7
PHA F215,Tutorial,2,Arti Dhar,G106,S,4
PHA F217,PHARMACEUTICAL MICROBIOLOGY,1,D SRIRAM,G106,M W,3
PHA F217,Practical,1,D Sriram,A025,Th,2 3
PHA F217,Practical,2,D Sriram,A025,T,6 7
PHA F217,Tutorial,2,D Sriram,G106,F,3
PHA F244,PHYSICAL PHARMACY,1,V V KRISHNA VENUGANTI,G106,M W,9
PHA F244,Practical,1,V V Krishna Venuganti,A022,T,7 8
PHA F244,Tutorial,1,V V Krishna Venuganti,G106,F,9
PHA F311,PHARMACOLOGY I,1,ONKAR KULKARNI,G106,T Th,5
PHA F311,Practical,1,Onkar Kulkarni,A009,M,4 5
PHA F311,Tutorial,1,Onkar Kulkarni,G106,S,5
PHA F312,MEDICINAL CHEMISTRY I,1,P YOGEESWARI,G106,T Th,3
PHA F312,Practical,1,P Yogeeswari,A025,Th,7 8
PHA F312,Tutorial,1,P Yogeeswari,G106,S,3
PHA F315,PHARMACEUTICAL FORMULATIONS II,1,NIRMAL J,G106,T Th,9
PHA F315,Practical,1,Nirmal J,A022,F,4 5
PHA F315,Tutorial,1,Nirmal J,G106,W,1
PHA F415,PATHOPHYSIOLOGY,1,ABHIJEET RAJENDRA JOS,G107,M W F,9
PHA F422,COSMETIC SCIENCE,1,D SRIRAM,I211,T S,4
PHA F422,Practical,1,D Sriram,B212,F,7 8
PHA G535,BIOMATERIALS,1,NIRMAL J,G107,T Th S,3
PHA G537,PARENTERAL PRODUCT DEVELOPMENT,1,AKASH C,G204,M W F,4
PHA G538,IMMUNOPHARMACOLOGY,1,ONKAR KULKARNI,G203,M W F,3
PHA G540,MODERN PHARMACEUTICAL ANALYTICAL TECHNIQUES,1,A SAJELI BEGUM,G107,T Th S,5
PHA G540,Practical,1,A Sajeli Begum,B108,F,7 8 9
PHA G542,ADVANCE PHYSICAL PHARMA,1,V V KRISHNA VENUGANTI,G201,M W F,5
PHA G542,Practical,1,V V Krishna Venuganti,A022,Th,7 8 9 10
PHA G543,CLINICAL RESEARCH,1,ARTI DHAR,G205,M W F,2
PHA G545,IPR AND PHARMACEUTICALS,1,P YOGEESWARI,G204,M W F,3
PHA G547,QUALI-BY-DESIGN IN PHARMACEUTICAL PROD DEVEL,1,R PUNNA RAO,G108,T Th S,3
PHA G547,Practical,1,R Punna Rao,A022,F,7 8 9 10
PHA G613,PHARMACEUTICAL BIOTECH,1,SWATI BISWAS,G107,M W F,4
PHA G613,Practical,1,Swati Biswas,A009,M W,8 9
PHA G619,SCR METHOD & TECH IN PHA,1,SRINIVAS PRASAD K,G106,M W F,4
PHA G619,Practical,1,Srinivas Prasad K,A009,T Th,8 9
PHA G625,CELLULAR AND MOLECULAR PHARMACOLOGY,1,SRINIVAS PRASAD K,G105,T Th S,3
PHA G626,PHARMACOVIGILANCE,1,ABHIJEET RAJENDRA JOS,G107,M W F,5
PHA G632,DOSAGE FORM DESIGN,1,R PUNNA RAO,G107,M W F,3
PHA G632,Practical,1,R Punna Rao,A022,W,7 8 9 10
PHY F110,PHYSICS LABORATORY,1,B HARIHARA  VENKATARA,A222,T,5 6
PHY F110,PHYSICS LABORATORY,2,Sk Jahanur Hoque,A223,Th,5 6
PHY F110,PHYSICS LABORATORY,3,Tanay Nag,A222,S,3 4
PHY F110,PHYSICS LABORATORY,4,Sk Jahanur Hoque,A223,F,2 3
PHY F110,PHYSICS LABORATORY,5,Tanay Nag,A222,T,3 4
PHY F110,PHYSICS LABORATORY,6,Suvadip Das,A223,M,7 8
PHY F110,PHYSICS LABORATORY,7,Suvadip Das,A222,M,2 3
PHY F110,PHYSICS LABORATORY,8,K V Shiv Chaitanya,A223,F,7 8
PHY F110,PHYSICS LABORATORY,9,Aranya Bhuti Bhattacherjee,A222,Th,3 4
PHY F110,PHYSICS LABORATORY,10,VSN Murthy,A223,W,7 8
PHY F110,PHYSICS LABORATORY,11,Sashideep Gutti,A222,W,2 3
PHY F111,MECH OSCIL & WAVES,1,PK THIRUVIKRAMAN,F102,M W F,9
PHY F111,MECH OSCIL & WAVES,2,PK Thiruvikraman,F103,M W F,1
PHY F111,Tutorial,1,Rickmoy Samanta,G201,T Th,7
PHY F111,Tutorial,2,Subhadeep Roy,G202,T Th,7
PHY F111,Tutorial,3,Asrarul Haque,G203,T Th,7
PHY F111,Tutorial,4,Subrahmanya Bhima Sankar,G204,T Th,7
PHY F111,Tutorial,5,Rickmoy Samanta,G201,T Th,1
PHY F111,Tutorial,6,Subhadeep Roy,G202,T Th,1
PHY F111,Tutorial,7,Asrarul Haque,G203,T Th,1
PHY F111,Tutorial,8,Subrahmanya Bhima Sankar,G204,T Th,1
PHY F112,GENERAL PHYSICS,1,B HARIHARA  VENKATARA,G202,T Th S,2
PHY F112,Tutorial,1,B Harihara  Venkataraman,G206,Th,8
PHY F211,CLASSICAL MECHANICS,1,MEENAKSHI V,G201,M W F,3
PHY F211,Tutorial,1,Meenakshi V,G201,S,1
PHY F212,ELECTROMAGNETIC THEO I,1,SASHIDEEP GUTTI,F107,T Th S,4
PHY F212,ELECTROMAGNETIC THEO I,2,VSN Murthy,F108,T Th S,4
PHY F212,ELECTROMAGNETIC THEO I,3,Subhash N. Karbelkar,G205,T Th S,4
PHY F212,ELECTROMAGNETIC THEO I,4,Rahul Nigam,G206,T Th S,4
PHY F212,ELECTROMAGNETIC THEO I,5,Swastik Bhattacharya,G207,T Th S,4
PHY F212,ELECTROMAGNETIC THEO I,6,K V Shiv Chaitanya,G208,T Th S,4
PHY F212,Tutorial,1,Sashideep Gutti,F107,T,1
PHY F212,Tutorial,2,VSN Murthy,F108,T,1
PHY F212,Tutorial,3,Subhash N. Karbelkar,G205,T,1
PHY F212,Tutorial,4,Rahul Nigam,G206,T,1
PHY F212,Tutorial,5,Swastik Bhattacharya,G207,T,1
PHY F212,Tutorial,6,K V Shiv Chaitanya,G208,T,1
PHY F213,OPTICS,1,KANNAN RAMASWAMY,G201,M W F,8
PHY F213,Tutorial,1,Kannan Ramaswamy,G205,Th,1
PHY F214,ELEC MAGNET & OPTICS LAB,1,ARAVINDA N RAGHAVAN,A210,M W,6 7
PHY F214,ELEC MAGNET & OPTICS LAB,2,Aravinda N Raghavan,A211,T Th,2 3
PHY F311,QUANTUM MECHANICS II,1,PRASANT SAMANTRAY,G201,T Th S,2
PHY F311,Tutorial,1,Prasant Samantray,G205,T,8
PHY F312,STATISTICAL MECHANICS,1,SARMISTHA BANIK,G201,M W F,9
PHY F312,Tutorial,1,Sarmistha Banik,G205,Th,9
PHY F313,COMPUTATIONAL PHYSICS,1,PK THIRUVIKRAMAN,G201,M W F,4
PHY F313,Tutorial,1,PK Thiruvikraman,G205,Th,8
PHY F317,INTRODUCTION TO RADIO ASTRONOMY,1,SARMISTHA BANIK,G202,M W F,3
PHY F346,LASER SCIENCE & TECHNOLOGY,1,ARANYA BHUTI BHATTACH,G202,M W F,8
PHY F417,EXPT METHODS OF PHYSICS,1,SOURI BANERJEE,G201,T Th,10 11
PHY F420,QUANTUM OPTICS,1,SUBRAHMANYA BHIMA SA,G202,M W F,2
